INSERT INTO `clan` (`SIFC`, `IME`, `PREZIME`, `ADRESA`, `KONTAKT`) VALUES
(2301, 'Nebojša', 'Alimpić', 'Cara Dušana 13, Beograd', '0631255458'),
(2302, 'Milena', 'Petrović', 'Kraljice Natalije 8, Beograd', '0113562512'),
(2303, 'Natalija', 'Radovanović', 'Prilaz 5, Beograd', '0641125238'),
(2304, 'Milena', 'Tasić', 'Dubrovačka 4, Beograd', '063154128'),
(2305, 'Tijana', 'Mišić', 'Nikolajevska 17, Beograd', '0113335554'),
(2306, 'Milica', 'Novaković', 'Bežanijska 3, Beograd', '062113216');

INSERT INTO `oblast` (`SIFO`, `NAZIV`) VALUES
('PO', 'Poezija'),
('PR', 'Proza'),
('PJ', 'Programiranje i programski jezici'), 
('FZ', 'Fizika'), 
('MT', 'Matematika');


INSERT INTO `autor` (`SIFA`, `IME`, `PREZIME`) VALUES
(1, 'Dobrica', 'Erić'),
(2, 'Eric', 'Normand'),
(3, 'Carlos', 'Calle'),
(4, 'Milovan', 'Glišić'),
(5, 'Alex', 'Martelli'),
(6, 'Anna', 'Martelli Ravenscroft'),
(7, 'Steve', 'Holden'),
(8, 'Paula', 'McGuire'),
(9, 'Momo', 'Kapor'),
(10, 'Stevan', 'Sremac'),
(11, 'Vojislav', 'Andrić'),
(12, 'Ljubomir', 'Vuković'),
(13, 'Dragan', 'Đorić'),
(14, 'Pavle', 'Mladenović');

INSERT INTO `naslov` (`SIFN`, `NAZIV`, `SIFO`) VALUES
('7001', 'Izabrane pesme', 'PO'),
('6001', 'Otkrivanje jednostavnosti: Funkcionalno programiranje', 'PJ'),
('3001', 'Ajnštajn za neupućene', 'FZ'),
('4001', 'Pripovetke', 'PR'),
('6002', 'Python za programere', 'PJ'),
('4002', 'Magija Beograda', 'PR'),
('4003', 'Pop Ćira i pop Spira', 'PR'),
('5001', 'Sveska 57: Matematika X = 1236', 'MT'),
('5002', 'Sveska 36: pripremni zadaci za matematička takmičenja za učenike 7. i 8. razreda (sa rešenjima)', 'MT'),
('5003', 'Sveska 22: Kombinatorika', 'MT'),
('5004', 'Sveska 61: Diofantove jednačine. Priručnik za dodatnu nastavu matematike', 'MT');

INSERT INTO `je_autor` (`SIFA`,	`SIFN`,	`REDNI_BROJ`) VALUES
(1, '7001', 1),
(2, '6001', 1),	
(3, '3001', 1),	
(4, '4001', 1),	
(5, '6002', 1),
(6, '6002', 2),
(7, '6002', 3),
(8, '6002', 4),
(9, '4002', 1),
(10,'4003', 1),
(11,'5001', 1),
(12,'5002', 1),
(13,'5002', 2),
(14,'5002', 3),
(14,'5003', 1),
(11,'5004', 1);


INSERT INTO `izdavac` (`SIFI`, `NAZIV`, `ZEMLJA`) VALUES
(801, 'Srpska knjizevna zadruga', 'Srbija'),
(802, 'Kompjuter biblioteka - Beograd', 'Srbija'),
(803, 'Mikro knjiga', 'Srbija'),
(804, 'PortaLibris', 'Srbija'),
(805, 'Knjiga Komerc', 'Srbija'),
(806, 'Društvo matematičara Srbije', 'Srbija');

INSERT INTO `izdanje` (`SIFIZ`, `ISBN`, `SIFI`,`BR_STRANICA`, `GODINA`) VALUES					
(4001, '9788637913344', 801, 253, 2017), 
(4002, '9788673105666', 802, 592, 2021),
(4003, '9788675552963', 803, 350, 2006),
(4004, '9788678182051', 804, 245, 2017),
(4005, '9788675554684', 803, 688, 2023),
(4006, '9788677122317', 805, 384, 2008),
(4007, '9788678182037', 804, 324, 2017),
(4008, '9788664470131', 806, 255, 2019),
(4009, '9788681453964', 806, 312, 2014),
(4010, '9788681453889', 806, 218, 2013),
(4011, '9788664470216', 806, 275, 2021);


INSERT INTO `knjiga` (`SIFK`, `SIFN`, `SIFIZ`, `POLICA`) VALUES
(501, '7001', 4001,1), 
(502, '7001', 4001,1), 
(503, '7001', 4001,1), 
(504, '6001', 4002,2), 
(505, '6001', 4002,2), 
(506, '3001', 4003,1), 
(507, '3001', 4003,1), 
(508, '3001', 4003,1), 
(509, '3001', 4003,1), 
(510, '3001', 4003,1), 
(511, '4001', 4004,1), 
(512, '4001', 4004,1), 
(513, '4001', 4004,1), 
(514, '6002', 4005,2), 
(515, '6002', 4005,2), 
(516, '6002', 4005,2), 
(517, '6002', 4005,2), 
(518, '6002', 4005,2), 
(519, '4002', 4006,1), 
(520, '4002', 4006,1), 
(521, '4002', 4006,1), 
(522, '4002', 4006,1), 
(523, '4002', 4006,1),
(524, '4003', 4007,3),
(525, '4003', 4007,3),
(526, '4003', 4007,3),
(527, '4003', 4007,3),
(528, '4003', 4007,3),
(529, '4003', 4007,3),
(530, '4003', 4007,3),
(531, '4003', 4007,3),
(532, '4003', 4007,3),
(533, '4003', 4007,3),
(534, '5001', 4008,4),
(535, '5001', 4008,4),
(536, '5001', 4008,4),
(537, '5001', 4008,4),
(538, '5001', 4008,4),
(539, '5001', 4008,4),
(540, '5001', 4008,4),
(541, '5002', 4009,4),
(542, '5002', 4009,4),
(543, '5002', 4009,4),
(544, '5002', 4009,4),
(545, '5002', 4009,4),
(546, '5002', 4009,4),
(547, '5002', 4009,4),
(548, '5003', 4010,4),
(549, '5003', 4010,4),
(550, '5003', 4010,4),
(551, '5003', 4010,4),
(552, '5003', 4010,4),
(553, '5003', 4010,4),
(554, '5003', 4010,4),
(555, '5003', 4010,4),
(556, '5003', 4010,4),
(557, '5004', 4011,4),
(558, '5004', 4011,4),
(559, '5004', 4011,4),
(560, '5004', 4011,4),
(561, '5004', 4011,4),
(562, '5004', 4011,4);

INSERT INTO `pozajmica` (`SIFP`, `SIFC`, `SIFK`, `DANA`) VALUES
(1, 2301, 501, 17),
(2, 2301, 506, 14),
(3, 2301, 511, 18),
(4, 2301, 519, 20),
(5, 2302, 535, 20),
(6, 2302, 535, 10),
(7, 2302, 541, 20),
(8, 2302, 549, 20),
(9, 2302, 549, 10),
(10,2303, 505, 15),
(11,2303, 514, 10),
(12,2305, 502, 8),
(13,2305, 513, 14),
(14,2305, 529, 17),
(15,2305, 521, 20),
(16,2305, 562, 20),
(17,2306, 527, 17),
(18,2306, 540, 14),
(19,2306, 547, 18),
(20,2306, 553, 20),
(21,2306, 501, 17);

INSERT INTO `drzi` (`SIFK`, `SIFC`, `DATUM_POZAJMICE`, `TRAJANJE`) VALUES
(533, 2301, '2023-08-1', 20),
(557, 2302, '2023-07-25', 20),
(562, 2305, '2023-06-30', 20),
(559, 2306, '2023-07-12',30);

